{
  "timestamp": "2026-03-07T06:10:20.632784",
  "total_examples": 1,
  "returned_examples": 1,
  "total_forward_passes": 11,
  "avg_forward_passes": 11.0,
  "total_time_seconds": 2.0761659145355225,
  "tokens_generated": 248,
  "tokens_per_second": 119.45095440769833,
  "avg_nfe": 11.0
}