{
  "timestamp": "2026-03-08T10:36:51.177702",
  "total_examples": 1,
  "returned_examples": 1,
  "total_forward_passes": 25,
  "avg_forward_passes": 25.0,
  "total_time_seconds": 6.950094699859619,
  "tokens_generated": 29,
  "tokens_per_second": 4.172605015092205,
  "avg_nfe": 25.0
}