{
  "timestamp": "2026-03-08T10:34:50.905539",
  "total_examples": 1,
  "returned_examples": 1,
  "total_forward_passes": 17,
  "avg_forward_passes": 17.0,
  "total_time_seconds": 4.79767918586731,
  "tokens_generated": 18,
  "tokens_per_second": 3.75181401312185,
  "avg_nfe": 17.0
}