{
  "timestamp": "2026-03-08T11:19:32.231393",
  "total_examples": 1,
  "returned_examples": 1,
  "total_forward_passes": 10,
  "avg_forward_passes": 10.0,
  "total_time_seconds": 1.8522377014160156,
  "tokens_generated": 58,
  "tokens_per_second": 31.313475562914864,
  "avg_nfe": 10.0
}