{
  "timestamp": "2026-03-08T10:32:07.888075",
  "total_examples": 1,
  "returned_examples": 1,
  "total_forward_passes": 25,
  "avg_forward_passes": 25.0,
  "total_time_seconds": 6.926158428192139,
  "tokens_generated": 27,
  "tokens_per_second": 3.898264857774488,
  "avg_nfe": 25.0
}