{
  "timestamp": "2026-03-07T06:13:37.689329",
  "total_examples": 1,
  "returned_examples": 1,
  "total_forward_passes": 11,
  "avg_forward_passes": 11.0,
  "total_time_seconds": 2.192594051361084,
  "tokens_generated": 248,
  "tokens_per_second": 113.10803285544375,
  "avg_nfe": 11.0
}