{
  "timestamp": "2026-03-08T11:36:39.168679",
  "total_examples": 1,
  "returned_examples": 1,
  "total_forward_passes": 2,
  "avg_forward_passes": 2.0,
  "total_time_seconds": 0.9672079086303711,
  "tokens_generated": 46,
  "tokens_per_second": 47.55957802820179,
  "avg_nfe": 2.0
}