{
  "timestamp": "2026-03-08T10:45:31.771431",
  "total_examples": 1,
  "returned_examples": 1,
  "total_forward_passes": 11,
  "avg_forward_passes": 11.0,
  "total_time_seconds": 2.001631498336792,
  "tokens_generated": 248,
  "tokens_per_second": 123.89892955125342,
  "avg_nfe": 11.0
}