{
  "timestamp": "2026-03-08T11:20:09.876160",
  "total_examples": 1,
  "returned_examples": 1,
  "total_forward_passes": 18,
  "avg_forward_passes": 18.0,
  "total_time_seconds": 2.903477430343628,
  "tokens_generated": 54,
  "tokens_per_second": 18.59838806930525,
  "avg_nfe": 18.0
}