{
  "timestamp": "2026-03-08T12:29:51.983088",
  "total_examples": 1,
  "returned_examples": 1,
  "total_forward_passes": 32,
  "avg_forward_passes": 32.0,
  "total_time_seconds": 4.621529579162598,
  "tokens_generated": 41,
  "tokens_per_second": 8.871521711093113,
  "avg_nfe": 32.0
}