{
  "timestamp": "2026-03-08T12:52:33.943763",
  "total_examples": 1,
  "returned_examples": 1,
  "total_forward_passes": 94,
  "avg_forward_passes": 94.0,
  "total_time_seconds": 12.395559310913086,
  "tokens_generated": 41,
  "tokens_per_second": 3.3076361438489896,
  "avg_nfe": 94.0
}