{
  "timestamp": "2026-03-08T12:33:31.832627",
  "total_examples": 1,
  "returned_examples": 1,
  "total_forward_passes": 67,
  "avg_forward_passes": 67.0,
  "total_time_seconds": 9.0101478099823,
  "tokens_generated": 41,
  "tokens_per_second": 4.550424794871433,
  "avg_nfe": 67.0
}