{
  "timestamp": "2026-03-07T06:14:52.990648",
  "total_examples": 1,
  "returned_examples": 1,
  "total_forward_passes": 28,
  "avg_forward_passes": 28.0,
  "total_time_seconds": 7.711106538772583,
  "tokens_generated": 765,
  "tokens_per_second": 99.20755162095958,
  "avg_nfe": 28.0
}