{
  "timestamp": "2026-03-07T06:16:04.072844",
  "total_examples": 1,
  "returned_examples": 1,
  "total_forward_passes": 25,
  "avg_forward_passes": 25.0,
  "total_time_seconds": 6.963206052780151,
  "tokens_generated": 29,
  "tokens_per_second": 4.16474821801681,
  "avg_nfe": 25.0
}