{
  "timestamp": "2026-03-08T12:08:34.078084",
  "total_examples": 1,
  "returned_examples": 1,
  "total_forward_passes": 2,
  "avg_forward_passes": 2.0,
  "total_time_seconds": 0.9091556072235107,
  "tokens_generated": 47,
  "tokens_per_second": 51.696320879034424,
  "avg_nfe": 2.0
}