{
  "timestamp": "2026-03-08T11:38:25.840476",
  "total_examples": 1,
  "returned_examples": 1,
  "total_forward_passes": 2,
  "avg_forward_passes": 2.0,
  "total_time_seconds": 0.8893587589263916,
  "tokens_generated": 46,
  "tokens_per_second": 51.72265920620142,
  "avg_nfe": 2.0
}