{
  "timestamp": "2026-03-08T10:46:44.886417",
  "total_examples": 1,
  "returned_examples": 1,
  "total_forward_passes": 11,
  "avg_forward_passes": 11.0,
  "total_time_seconds": 2.002875328063965,
  "tokens_generated": 248,
  "tokens_per_second": 123.82198558495587,
  "avg_nfe": 11.0
}