{
  "timestamp": "2026-03-08T10:37:59.906280",
  "total_examples": 1,
  "returned_examples": 1,
  "total_forward_passes": 17,
  "avg_forward_passes": 17.0,
  "total_time_seconds": 4.898082256317139,
  "tokens_generated": 18,
  "tokens_per_second": 3.6749076593773204,
  "avg_nfe": 17.0
}