{
  "timestamp": "2026-03-08T12:17:26.323503",
  "total_examples": 1,
  "returned_examples": 1,
  "total_forward_passes": 87,
  "avg_forward_passes": 87.0,
  "total_time_seconds": 11.545509338378906,
  "tokens_generated": 41,
  "tokens_per_second": 3.55116424909122,
  "avg_nfe": 87.0
}