{
  "timestamp": "2026-03-08T12:16:40.496218",
  "total_examples": 1,
  "returned_examples": 1,
  "total_forward_passes": 92,
  "avg_forward_passes": 92.0,
  "total_time_seconds": 12.155259370803833,
  "tokens_generated": 41,
  "tokens_per_second": 3.3730255150687625,
  "avg_nfe": 92.0
}