{
  "timestamp": "2026-03-08T10:53:38.424366",
  "total_examples": 1,
  "returned_examples": 1,
  "total_forward_passes": 41,
  "avg_forward_passes": 41.0,
  "total_time_seconds": 5.838393211364746,
  "tokens_generated": 78,
  "tokens_per_second": 13.359840143717763,
  "avg_nfe": 41.0
}