{
  "timestamp": "2026-03-07T06:10:39.696243",
  "total_examples": 1,
  "returned_examples": 1,
  "total_forward_passes": 11,
  "avg_forward_passes": 11.0,
  "total_time_seconds": 2.0901503562927246,
  "tokens_generated": 248,
  "tokens_per_second": 118.65175117826199,
  "avg_nfe": 11.0
}