{
  "timestamp": "2026-03-08T10:55:49.093772",
  "total_examples": 1,
  "returned_examples": 1,
  "total_forward_passes": 68,
  "avg_forward_passes": 68.0,
  "total_time_seconds": 9.23822808265686,
  "tokens_generated": 74,
  "tokens_per_second": 8.010194091107353,
  "avg_nfe": 68.0
}