{
  "timestamp": "2026-03-08T10:52:14.398653",
  "total_examples": 1,
  "returned_examples": 1,
  "total_forward_passes": 133,
  "avg_forward_passes": 133.0,
  "total_time_seconds": 17.4488742351532,
  "tokens_generated": 99,
  "tokens_per_second": 5.6737184683554345,
  "avg_nfe": 133.0
}