{
  "timestamp": "2026-03-07T06:17:12.781619",
  "total_examples": 1,
  "returned_examples": 1,
  "total_forward_passes": 17,
  "avg_forward_passes": 17.0,
  "total_time_seconds": 4.870725154876709,
  "tokens_generated": 18,
  "tokens_per_second": 3.695548286475965,
  "avg_nfe": 17.0
}