{
  "timestamp": "2026-03-08T10:49:07.285163",
  "total_examples": 1,
  "returned_examples": 1,
  "total_forward_passes": 11,
  "avg_forward_passes": 11.0,
  "total_time_seconds": 2.0405147075653076,
  "tokens_generated": 248,
  "tokens_per_second": 121.53796249570166,
  "avg_nfe": 11.0
}