{
  "timestamp": "2026-03-08T10:54:52.868254",
  "total_examples": 1,
  "returned_examples": 1,
  "total_forward_passes": 11,
  "avg_forward_passes": 11.0,
  "total_time_seconds": 2.049962043762207,
  "tokens_generated": 248,
  "tokens_per_second": 120.97784968977098,
  "avg_nfe": 11.0
}