{
  "timestamp": "2026-03-08T12:32:48.613841",
  "total_examples": 1,
  "returned_examples": 1,
  "total_forward_passes": 72,
  "avg_forward_passes": 72.0,
  "total_time_seconds": 9.731299638748169,
  "tokens_generated": 41,
  "tokens_per_second": 4.21320908018759,
  "avg_nfe": 72.0
}