{
  "timestamp": "2026-03-07T06:15:38.185130",
  "total_examples": 1,
  "returned_examples": 1,
  "total_forward_passes": 17,
  "avg_forward_passes": 17.0,
  "total_time_seconds": 4.858158826828003,
  "tokens_generated": 18,
  "tokens_per_second": 3.705107354786214,
  "avg_nfe": 17.0
}