{
  "timestamp": "2026-03-07T06:16:47.157207",
  "total_examples": 1,
  "returned_examples": 1,
  "total_forward_passes": 11,
  "avg_forward_passes": 11.0,
  "total_time_seconds": 2.1141927242279053,
  "tokens_generated": 248,
  "tokens_per_second": 117.30245646861196,
  "avg_nfe": 11.0
}