{
  "timestamp": "2026-03-08T12:19:41.981682",
  "total_examples": 1,
  "returned_examples": 1,
  "total_forward_passes": 72,
  "avg_forward_passes": 72.0,
  "total_time_seconds": 9.636484146118164,
  "tokens_generated": 41,
  "tokens_per_second": 4.254663773458903,
  "avg_nfe": 72.0
}