{
  "timestamp": "2026-03-07T06:10:01.611575",
  "total_examples": 1,
  "returned_examples": 1,
  "total_forward_passes": 11,
  "avg_forward_passes": 11.0,
  "total_time_seconds": 2.122577428817749,
  "tokens_generated": 248,
  "tokens_per_second": 116.83908282117798,
  "avg_nfe": 11.0
}