{
  "timestamp": "2026-03-08T11:07:22.381773",
  "total_examples": 1,
  "returned_examples": 1,
  "total_forward_passes": 2,
  "avg_forward_passes": 2.0,
  "total_time_seconds": 0.9376559257507324,
  "tokens_generated": 46,
  "tokens_per_second": 49.058507216461294,
  "avg_nfe": 2.0
}