{
  "timestamp": "2026-03-08T10:35:40.874078",
  "total_examples": 1,
  "returned_examples": 1,
  "total_forward_passes": 28,
  "avg_forward_passes": 28.0,
  "total_time_seconds": 7.673272609710693,
  "tokens_generated": 765,
  "tokens_per_second": 99.69670555323108,
  "avg_nfe": 28.0
}