{
  "timestamp": "2026-03-08T11:56:40.045810",
  "total_examples": 1,
  "returned_examples": 1,
  "total_forward_passes": 2,
  "avg_forward_passes": 2.0,
  "total_time_seconds": 0.9302845001220703,
  "tokens_generated": 46,
  "tokens_per_second": 49.44723898330453,
  "avg_nfe": 2.0
}