{
  "timestamp": "2026-03-07T06:08:00.182917",
  "total_examples": 1,
  "returned_examples": 1,
  "total_forward_passes": 11,
  "avg_forward_passes": 11.0,
  "total_time_seconds": 2.0991477966308594,
  "tokens_generated": 248,
  "tokens_per_second": 118.14318191317496,
  "avg_nfe": 11.0
}