{
  "timestamp": "2026-03-07T06:18:22.711604",
  "total_examples": 1,
  "returned_examples": 1,
  "total_forward_passes": 11,
  "avg_forward_passes": 11.0,
  "total_time_seconds": 2.104051351547241,
  "tokens_generated": 249,
  "tokens_per_second": 118.34311924796638,
  "avg_nfe": 11.0
}