{
  "timestamp": "2026-03-08T12:53:44.777231",
  "total_examples": 1,
  "returned_examples": 1,
  "total_forward_passes": 94,
  "avg_forward_passes": 94.0,
  "total_time_seconds": 12.353851795196533,
  "tokens_generated": 41,
  "tokens_per_second": 3.3188029676656603,
  "avg_nfe": 94.0
}