{
  "timestamp": "2026-03-08T11:57:50.911225",
  "total_examples": 1,
  "returned_examples": 1,
  "total_forward_passes": 2,
  "avg_forward_passes": 2.0,
  "total_time_seconds": 0.9307205677032471,
  "tokens_generated": 46,
  "tokens_per_second": 49.42407162389769,
  "avg_nfe": 2.0
}