{
  "timestamp": "2026-03-07T06:07:40.879605",
  "total_examples": 1,
  "returned_examples": 1,
  "total_forward_passes": 11,
  "avg_forward_passes": 11.0,
  "total_time_seconds": 2.093533515930176,
  "tokens_generated": 248,
  "tokens_per_second": 118.46000941131882,
  "avg_nfe": 11.0
}