{
  "timestamp": "2026-03-08T12:50:59.913168",
  "total_examples": 1,
  "returned_examples": 1,
  "total_forward_passes": 94,
  "avg_forward_passes": 94.0,
  "total_time_seconds": 12.430833578109741,
  "tokens_generated": 41,
  "tokens_per_second": 3.2982502534825624,
  "avg_nfe": 94.0
}