{
  "timestamp": "2026-03-08T10:34:25.720980",
  "total_examples": 1,
  "returned_examples": 1,
  "total_forward_passes": 11,
  "avg_forward_passes": 11.0,
  "total_time_seconds": 2.119600296020508,
  "tokens_generated": 248,
  "tokens_per_second": 117.00319181197194,
  "avg_nfe": 11.0
}