{
  "timestamp": "2026-03-08T10:52:58.218064",
  "total_examples": 1,
  "returned_examples": 1,
  "total_forward_passes": 68,
  "avg_forward_passes": 68.0,
  "total_time_seconds": 9.231890678405762,
  "tokens_generated": 74,
  "tokens_per_second": 8.01569283885616,
  "avg_nfe": 68.0
}