{
  "timestamp": "2026-03-08T10:36:25.300290",
  "total_examples": 1,
  "returned_examples": 1,
  "total_forward_passes": 17,
  "avg_forward_passes": 17.0,
  "total_time_seconds": 4.94822883605957,
  "tokens_generated": 18,
  "tokens_per_second": 3.637665232623713,
  "avg_nfe": 17.0
}