{
  "timestamp": "2026-03-07T06:13:18.151304",
  "total_examples": 1,
  "returned_examples": 1,
  "total_forward_passes": 26,
  "avg_forward_passes": 26.0,
  "total_time_seconds": 7.2865190505981445,
  "tokens_generated": 765,
  "tokens_per_second": 104.98840319880887,
  "avg_nfe": 26.0
}