{
  "timestamp": "2026-03-07T05:50:06.126098",
  "total_examples": 1,
  "returned_examples": 1,
  "total_forward_passes": 11,
  "avg_forward_passes": 11.0,
  "total_time_seconds": 2.162973403930664,
  "tokens_generated": 248,
  "tokens_per_second": 114.65698077901556,
  "avg_nfe": 11.0
}