{
  "timestamp": "2026-03-08T11:49:23.937732",
  "total_examples": 1,
  "returned_examples": 1,
  "total_forward_passes": 4,
  "avg_forward_passes": 4.0,
  "total_time_seconds": 1.2109277248382568,
  "tokens_generated": 37,
  "tokens_per_second": 30.555085362292846,
  "avg_nfe": 4.0
}