{
  "timestamp": "2026-03-08T10:32:51.965120",
  "total_examples": 1,
  "returned_examples": 1,
  "total_forward_passes": 11,
  "avg_forward_passes": 11.0,
  "total_time_seconds": 2.1091339588165283,
  "tokens_generated": 248,
  "tokens_per_second": 117.58380683375707,
  "avg_nfe": 11.0
}