{
  "timestamp": "2026-03-08T10:34:06.654123",
  "total_examples": 1,
  "returned_examples": 1,
  "total_forward_passes": 26,
  "avg_forward_passes": 26.0,
  "total_time_seconds": 7.181580066680908,
  "tokens_generated": 765,
  "tokens_per_second": 106.52251912489754,
  "avg_nfe": 26.0
}