{
  "timestamp": "2026-03-08T11:06:46.956322",
  "total_examples": 1,
  "returned_examples": 1,
  "total_forward_passes": 2,
  "avg_forward_passes": 2.0,
  "total_time_seconds": 0.8847291469573975,
  "tokens_generated": 46,
  "tokens_per_second": 51.99331361264065,
  "avg_nfe": 2.0
}