{
  "timestamp": "2026-03-08T12:26:52.158285",
  "total_examples": 1,
  "returned_examples": 1,
  "total_forward_passes": 72,
  "avg_forward_passes": 72.0,
  "total_time_seconds": 9.582611083984375,
  "tokens_generated": 41,
  "tokens_per_second": 4.278583325637016,
  "avg_nfe": 72.0
}