{
  "timestamp": "2026-03-08T10:36:00.172529",
  "total_examples": 1,
  "returned_examples": 1,
  "total_forward_passes": 11,
  "avg_forward_passes": 11.0,
  "total_time_seconds": 2.1474902629852295,
  "tokens_generated": 248,
  "tokens_per_second": 115.4836435231398,
  "avg_nfe": 11.0
}