{
  "timestamp": "2026-03-07T05:44:42.925725",
  "total_examples": 1,
  "returned_examples": 1,
  "total_forward_passes": 256,
  "avg_forward_passes": 256.0,
  "total_time_seconds": 30.750840663909912,
  "tokens_generated": 99,
  "tokens_per_second": 3.2194241803668575,
  "avg_nfe": 256.0
}