{
  "timestamp": "2026-03-07T06:16:27.927139",
  "total_examples": 1,
  "returned_examples": 1,
  "total_forward_passes": 28,
  "avg_forward_passes": 28.0,
  "total_time_seconds": 7.679821491241455,
  "tokens_generated": 749,
  "tokens_per_second": 97.52830854912527,
  "avg_nfe": 28.0
}