{
  "timestamp": "2026-03-08T12:32:04.126438",
  "total_examples": 1,
  "returned_examples": 1,
  "total_forward_passes": 87,
  "avg_forward_passes": 87.0,
  "total_time_seconds": 11.619563102722168,
  "tokens_generated": 41,
  "tokens_per_second": 3.5285319798637476,
  "avg_nfe": 87.0
}