{
  "timestamp": "2026-03-08T12:51:47.211915",
  "total_examples": 1,
  "returned_examples": 1,
  "total_forward_passes": 94,
  "avg_forward_passes": 94.0,
  "total_time_seconds": 12.447571754455566,
  "tokens_generated": 41,
  "tokens_per_second": 3.2938151158135875,
  "avg_nfe": 94.0
}