{
  "timestamp": "2026-03-08T10:44:18.876160",
  "total_examples": 1,
  "returned_examples": 1,
  "total_forward_passes": 11,
  "avg_forward_passes": 11.0,
  "total_time_seconds": 2.0963809490203857,
  "tokens_generated": 248,
  "tokens_per_second": 118.2991097662319,
  "avg_nfe": 11.0
}