{
  "timestamp": "2026-03-08T11:55:29.526313",
  "total_examples": 1,
  "returned_examples": 1,
  "total_forward_passes": 2,
  "avg_forward_passes": 2.0,
  "total_time_seconds": 0.9950895309448242,
  "tokens_generated": 46,
  "tokens_per_second": 46.226996234523355,
  "avg_nfe": 2.0
}