{
  "timestamp": "2026-03-08T11:47:57.997518",
  "total_examples": 1,
  "returned_examples": 1,
  "total_forward_passes": 3,
  "avg_forward_passes": 3.0,
  "total_time_seconds": 1.0299639701843262,
  "tokens_generated": 38,
  "tokens_per_second": 36.894494467801024,
  "avg_nfe": 3.0
}