{
  "timestamp": "2026-03-08T11:57:15.408539",
  "total_examples": 1,
  "returned_examples": 1,
  "total_forward_passes": 2,
  "avg_forward_passes": 2.0,
  "total_time_seconds": 0.9490454196929932,
  "tokens_generated": 46,
  "tokens_per_second": 48.46975607856634,
  "avg_nfe": 2.0
}