{
  "timestamp": "2026-03-08T11:20:53.298046",
  "total_examples": 1,
  "returned_examples": 1,
  "total_forward_passes": 67,
  "avg_forward_passes": 67.0,
  "total_time_seconds": 9.130361318588257,
  "tokens_generated": 42,
  "tokens_per_second": 4.600037012170956,
  "avg_nfe": 67.0
}