{
  "timestamp": "2026-03-08T11:47:22.496754",
  "total_examples": 1,
  "returned_examples": 1,
  "total_forward_passes": 2,
  "avg_forward_passes": 2.0,
  "total_time_seconds": 0.9266848564147949,
  "tokens_generated": 46,
  "tokens_per_second": 49.639313388552736,
  "avg_nfe": 2.0
}