{
  "timestamp": "2026-03-08T11:58:53.426331",
  "total_examples": 1,
  "returned_examples": 1,
  "total_forward_passes": 2,
  "avg_forward_passes": 2.0,
  "total_time_seconds": 0.8707070350646973,
  "tokens_generated": 46,
  "tokens_per_second": 52.83062861273655,
  "avg_nfe": 2.0
}