{
  "timestamp": "2026-03-08T12:18:57.863590",
  "total_examples": 1,
  "returned_examples": 1,
  "total_forward_passes": 86,
  "avg_forward_passes": 86.0,
  "total_time_seconds": 11.450521230697632,
  "tokens_generated": 41,
  "tokens_per_second": 3.5806230278918094,
  "avg_nfe": 86.0
}