{
  "timestamp": "2026-03-08T12:14:09.119008",
  "total_examples": 1,
  "returned_examples": 1,
  "total_forward_passes": 86,
  "avg_forward_passes": 86.0,
  "total_time_seconds": 11.373751640319824,
  "tokens_generated": 41,
  "tokens_per_second": 3.6047912154733055,
  "avg_nfe": 86.0
}