{
  "timestamp": "2026-03-08T11:06:11.665915",
  "total_examples": 1,
  "returned_examples": 1,
  "total_forward_passes": 2,
  "avg_forward_passes": 2.0,
  "total_time_seconds": 0.8799009323120117,
  "tokens_generated": 46,
  "tokens_per_second": 52.27861263782416,
  "avg_nfe": 2.0
}