{
  "timestamp": "2026-03-08T10:38:26.449026",
  "total_examples": 1,
  "returned_examples": 1,
  "total_forward_passes": 25,
  "avg_forward_passes": 25.0,
  "total_time_seconds": 6.944004774093628,
  "tokens_generated": 29,
  "tokens_per_second": 4.176264409867899,
  "avg_nfe": 25.0
}