{
  "timestamp": "2026-03-08T11:37:14.568110",
  "total_examples": 1,
  "returned_examples": 1,
  "total_forward_passes": 2,
  "avg_forward_passes": 2.0,
  "total_time_seconds": 0.8650374412536621,
  "tokens_generated": 46,
  "tokens_per_second": 53.176889006485254,
  "avg_nfe": 2.0
}