{
  "timestamp": "2026-03-07T06:18:03.168799",
  "total_examples": 1,
  "returned_examples": 1,
  "total_forward_passes": 28,
  "avg_forward_passes": 28.0,
  "total_time_seconds": 7.7320921421051025,
  "tokens_generated": 749,
  "tokens_per_second": 96.86899563978564,
  "avg_nfe": 28.0
}