{
  "timestamp": "2026-03-08T10:35:17.236167",
  "total_examples": 1,
  "returned_examples": 1,
  "total_forward_passes": 25,
  "avg_forward_passes": 25.0,
  "total_time_seconds": 6.940211772918701,
  "tokens_generated": 27,
  "tokens_per_second": 3.890371199529718,
  "avg_nfe": 25.0
}