{
  "timestamp": "2026-03-08T12:00:04.054910",
  "total_examples": 1,
  "returned_examples": 1,
  "total_forward_passes": 2,
  "avg_forward_passes": 2.0,
  "total_time_seconds": 0.9527175426483154,
  "tokens_generated": 46,
  "tokens_per_second": 48.28293585539693,
  "avg_nfe": 2.0
}