{
  "timestamp": "2026-03-09T07:31:37.913416",
  "total_examples": 500,
  "returned_examples": 500,
  "total_forward_passes": 48844,
  "avg_forward_passes": 97.688,
  "total_time_seconds": 10105.439270734787,
  "tokens_generated": 14446,
  "tokens_per_second": 1.4295271697723637,
  "avg_nfe": 97.688
}