{
  "timestamp": "2026-03-08T12:50:12.957939",
  "total_examples": 1,
  "returned_examples": 1,
  "total_forward_passes": 94,
  "avg_forward_passes": 94.0,
  "total_time_seconds": 12.369150161743164,
  "tokens_generated": 41,
  "tokens_per_second": 3.3146982180562303,
  "avg_nfe": 94.0
}