{
  "timestamp": "2026-03-08T10:46:08.076822",
  "total_examples": 1,
  "returned_examples": 1,
  "total_forward_passes": 11,
  "avg_forward_passes": 11.0,
  "total_time_seconds": 2.021972417831421,
  "tokens_generated": 248,
  "tokens_per_second": 122.65251385871113,
  "avg_nfe": 11.0
}