{
  "timestamp": "2026-03-07T06:15:12.911093",
  "total_examples": 1,
  "returned_examples": 1,
  "total_forward_passes": 11,
  "avg_forward_passes": 11.0,
  "total_time_seconds": 2.13657546043396,
  "tokens_generated": 248,
  "tokens_per_second": 116.07359748933403,
  "avg_nfe": 11.0
}