{
  "timestamp": "2026-03-08T10:31:41.777126",
  "total_examples": 1,
  "returned_examples": 1,
  "total_forward_passes": 17,
  "avg_forward_passes": 17.0,
  "total_time_seconds": 4.912372827529907,
  "tokens_generated": 16,
  "tokens_per_second": 3.257081773258911,
  "avg_nfe": 17.0
}