{
  "timestamp": "2026-03-08T10:32:32.447081",
  "total_examples": 1,
  "returned_examples": 1,
  "total_forward_passes": 26,
  "avg_forward_passes": 26.0,
  "total_time_seconds": 7.18258810043335,
  "tokens_generated": 765,
  "tokens_per_second": 106.50756931945533,
  "avg_nfe": 26.0
}