{
  "timestamp": "2026-03-08T12:28:18.128224",
  "total_examples": 1,
  "returned_examples": 1,
  "total_forward_passes": 56,
  "avg_forward_passes": 56.0,
  "total_time_seconds": 7.605668783187866,
  "tokens_generated": 41,
  "tokens_per_second": 5.390715947377229,
  "avg_nfe": 56.0
}